{
    "size": 0.30000000000000004,
    "intrinsic": {
        "width": 848,
        "height": 480,
        "K": [
            426.678,
            0.0,
            427.2525634765625,
            0.0,
            426.67822265625,
            234.44296264648438,
            0.0,
            0.0,
            1.0
        ]
    },
    "max_opening_width": 0.08,
    "finger_depth": 0.05
}